create column table "USER"(
CODE VARCHAR(30),
USERNAME VARCHAR(30),
NAME VARCHAR(30),
PASSWORD VARCHAR(30),
ACTIVE VARCHAR(1),
EMAIL VARCHAR(30),
COD_AREA VARCHAR(30),
COD_ROL VARCHAR(30));
ALTER TABLE "USER" ADD CONSTRAINT FK FOREIGN KEY ("COD_ROL") REFERENCES "ROL"("CODE");

create column table ROL(
CODE VARCHAR(30) PRIMARY KEY,
NAME VARCHAR(30));

create column table PERMISSION(
CODE VARCHAR(30) PRIMARY KEY,
PERMISSION VARCHAR(200));

create column table ROL_PERMISSION(
COD_ROL VARCHAR(30),
COD_PER VARCHAR(30));

INSERT INTO "PERMISSION" ("CODE","PERMISSION") VALUES ('001','/alvaro/mensaje');
INSERT INTO "PERMISSION" ("CODE","PERMISSION") VALUES ('002','/alvaro/gestor');
INSERT INTO "PERMISSION" ("CODE","PERMISSION") VALUES ('003','/alvaro/mensaje2');
INSERT INTO "PERMISSION" ("CODE","PERMISSION") VALUES ('004','/alvaro/admin');
INSERT INTO "PERMISSION" ("CODE","PERMISSION") VALUES ('005','/Customviewer');

INSERT INTO "ROL" ("CODE","NAME") values('ROLE_001','ADMIN');
INSERT INTO "ROL" ("CODE","NAME") values('ROLE_002','USER');
INSERT INTO "ROL" ("CODE","NAME") values('ROLE_003','GUESS');

INSERT INTO "ROL_PERMISSION" ("COD_ROL","COD_PER") values ('ROLE_001','001');
INSERT INTO "ROL_PERMISSION" ("COD_ROL","COD_PER") values ('ROLE_001','002');
INSERT INTO "ROL_PERMISSION" ("COD_ROL","COD_PER") values ('ROLE_001','003');
INSERT INTO "ROL_PERMISSION" ("COD_ROL","COD_PER") values ('ROLE_001','004');
INSERT INTO "ROL_PERMISSION" ("COD_ROL","COD_PER") values ('ROLE_001','005');
INSERT INTO "ROL_PERMISSION" ("COD_ROL","COD_PER") values ('ROLE_002','001');
INSERT INTO "ROL_PERMISSION" ("COD_ROL","COD_PER") values ('ROLE_002','003');
INSERT INTO "ROL_PERMISSION" ("COD_ROL","COD_PER") values ('ROLE_003','002');

INSERT INTO USER (CODE,USERNAME,NAME,PASSWORD,ACTIVE,EMAIL,COD_ROL,COD_AREA) 
VALUES ('1','ADMIN','ADMIN','lEx1uFvsb0k=','S','alferjc7@gmail.com','ROLE_001','');

INSERT INTO USER (CODE,USERNAME,NAME,PASSWORD,ACTIVE,EMAIL,COD_ROL,COD_AREA) 
VALUES ('2','USER','USER','lEx1uFvsb0k=','S','alferjc7@gmail.com','ROLE_002','');

INSERT INTO USER (CODE,USERNAME,NAME,PASSWORD,ACTIVE,EMAIL,COD_ROL,COD_AREA) 
VALUES ('3','GUESS','GUESS','lEx1uFvsb0k=','S','alferjc7@gmail.com','ROLE_003','');
